Título,,,,
H: La energía o combustible que utiliza para cocinar: gas natural (sistema de tuberías),,,,
Área Geográfica,,,,
Toda la Base de Datos,,,,
Frecuencia,,,,
  de H: La energía o combustible que utiliza para cocinar: gas natural (sistema de tuberías),,,,
,,,,
,AREA # 0101,"Amazonas, provincia: Chachapoyas",,
,,,,
,H: La energía o combustible que utiliza para cocinar: gas natural (sistema de tuberías),Casos,%,Acumulado %
,No usa gas natural,   15 337,"100,00%","100,00%"
,Total,   15 337,"100,00%","100,00%"
,,,,
,No Aplica :,    147,,
,,,,
,AREA # 0102,"Amazonas, provincia: Bagua",,
,,,,
,H: La energía o combustible que utiliza para cocinar: gas natural (sistema de tuberías),Casos,%,Acumulado %
,No usa gas natural,   20 474,"100,00%","100,00%"
,Total,   20 474,"100,00%","100,00%"
,,,,
,No Aplica :,    102,,
,,,,
,AREA # 0103,"Amazonas, provincia: Bongara",,
,,,,
,H: La energía o combustible que utiliza para cocinar: gas natural (sistema de tuberías),Casos,%,Acumulado %
,No usa gas natural,   7 813,"100,00%","100,00%"
,Total,   7 813,"100,00%","100,00%"
,,,,
,No Aplica :,    41,,
,,,,
,AREA # 0104,"Amazonas, provincia: Condorcanqui",,
,,,,
,H: La energía o combustible que utiliza para cocinar: gas natural (sistema de tuberías),Casos,%,Acumulado %
,No usa gas natural,   9 867,"100,00%","100,00%"
,Total,   9 867,"100,00%","100,00%"
,,,,
,No Aplica :,    63,,
,,,,
,AREA # 0105,"Amazonas, provincia: Luya",,
,,,,
,H: La energía o combustible que utiliza para cocinar: gas natural (sistema de tuberías),Casos,%,Acumulado %
,No usa gas natural,   13 202,"100,00%","100,00%"
,Total,   13 202,"100,00%","100,00%"
,,,,
,No Aplica :,    50,,
,,,,
,AREA # 0106,"Amazonas, provincia: Rodríguez de Mendoza",,
,,,,
,H: La energía o combustible que utiliza para cocinar: gas natural (sistema de tuberías),Casos,%,Acumulado %
,No usa gas natural,   9 168,"100,00%","100,00%"
,Total,   9 168,"100,00%","100,00%"
,,,,
,No Aplica :,    33,,
,,,,
,AREA # 0107,"Amazonas, provincia: Utcubamba",,
,,,,
,H: La energía o combustible que utiliza para cocinar: gas natural (sistema de tuberías),Casos,%,Acumulado %
,No usa gas natural,   31 503,"100,00%","100,00%"
,Total,   31 503,"100,00%","100,00%"
,,,,
,No Aplica :,    86,,
,,,,
,AREA # 0201,"Áncash, provincia: Huaraz",,
,,,,
,H: La energía o combustible que utiliza para cocinar: gas natural (sistema de tuberías),Casos,%,Acumulado %
,No usa gas natural,   46 254,"100,00%","100,00%"
,Total,   46 254,"100,00%","100,00%"
,,,,
,No Aplica :,    194,,
,,,,
,AREA # 0202,"Áncash, provincia: Aija",,
,,,,
,H: La energía o combustible que utiliza para cocinar: gas natural (sistema de tuberías),Casos,%,Acumulado %
,No usa gas natural,   2 005,"100,00%","100,00%"
,Total,   2 005,"100,00%","100,00%"
,,,,
,No Aplica :,    16,,
,,,,
,AREA # 0203,"Áncash, provincia: Antonio Raymondi",,
,,,,
,H: La energía o combustible que utiliza para cocinar: gas natural (sistema de tuberías),Casos,%,Acumulado %
,No usa gas natural,   3 927,"100,00%","100,00%"
,Total,   3 927,"100,00%","100,00%"
,,,,
,No Aplica :,    13,,
,,,,
,AREA # 0204,"Áncash, provincia: Asunción",,
,,,,
,H: La energía o combustible que utiliza para cocinar: gas natural (sistema de tuberías),Casos,%,Acumulado %
,No usa gas natural,   2 359,"100,00%","100,00%"
,Total,   2 359,"100,00%","100,00%"
,,,,
,No Aplica :,    11,,
,,,,
,AREA # 0205,"Áncash, provincia: Bolognesi",,
,,,,
,H: La energía o combustible que utiliza para cocinar: gas natural (sistema de tuberías),Casos,%,Acumulado %
,No usa gas natural,   7 187,"100,00%","100,00%"
,Total,   7 187,"100,00%","100,00%"
,,,,
,No Aplica :,    62,,
,,,,
,AREA # 0206,"Áncash, provincia: Carhuaz",,
,,,,
,H: La energía o combustible que utiliza para cocinar: gas natural (sistema de tuberías),Casos,%,Acumulado %
,No usa gas natural,   13 492,"100,00%","100,00%"
,Total,   13 492,"100,00%","100,00%"
,,,,
,No Aplica :,    26,,
,,,,
,AREA # 0207,"Áncash, provincia: Carlos Fermín Fitzcarrald",,
,,,,
,H: La energía o combustible que utiliza para cocinar: gas natural (sistema de tuberías),Casos,%,Acumulado %
,No usa gas natural,   5 308,"100,00%","100,00%"
,Total,   5 308,"100,00%","100,00%"
,,,,
,No Aplica :,    15,,
,,,,
,AREA # 0208,"Áncash, provincia: Casma",,
,,,,
,H: La energía o combustible que utiliza para cocinar: gas natural (sistema de tuberías),Casos,%,Acumulado %
,No usa gas natural,   15 239,"100,00%","100,00%"
,Total,   15 239,"100,00%","100,00%"
,,,,
,No Aplica :,    69,,
,,,,
,AREA # 0209,"Áncash, provincia: Corongo",,
,,,,
,H: La energía o combustible que utiliza para cocinar: gas natural (sistema de tuberías),Casos,%,Acumulado %
,No usa gas natural,   2 103,"100,00%","100,00%"
,Total,   2 103,"100,00%","100,00%"
,,,,
,No Aplica :,    26,,
,,,,
,AREA # 0210,"Áncash, provincia: Huari",,
,,,,
,H: La energía o combustible que utiliza para cocinar: gas natural (sistema de tuberías),Casos,%,Acumulado %
,No usa gas natural,   16 314,"100,00%","100,00%"
,Total,   16 314,"100,00%","100,00%"
,,,,
,No Aplica :,    70,,
,,,,
,AREA # 0211,"Áncash, provincia: Huarmey",,
,,,,
,H: La energía o combustible que utiliza para cocinar: gas natural (sistema de tuberías),Casos,%,Acumulado %
,No usa gas natural,   9 558,"100,00%","100,00%"
,Total,   9 558,"100,00%","100,00%"
,,,,
,No Aplica :,    52,,
,,,,
,AREA # 0212,"Áncash, provincia: Huaylas",,
,,,,
,H: La energía o combustible que utiliza para cocinar: gas natural (sistema de tuberías),Casos,%,Acumulado %
,No usa gas natural,   15 010,"100,00%","100,00%"
,Total,   15 010,"100,00%","100,00%"
,,,,
,No Aplica :,    79,,
,,,,
,AREA # 0213,"Áncash, provincia: Mariscal Luzuriaga",,
,,,,
,H: La energía o combustible que utiliza para cocinar: gas natural (sistema de tuberías),Casos,%,Acumulado %
,No usa gas natural,   6 133,"100,00%","100,00%"
,Total,   6 133,"100,00%","100,00%"
,,,,
,No Aplica :,    15,,
,,,,
,AREA # 0214,"Áncash, provincia: Ocros",,
,,,,
,H: La energía o combustible que utiliza para cocinar: gas natural (sistema de tuberías),Casos,%,Acumulado %
,No usa gas natural,   2 617,"100,00%","100,00%"
,Total,   2 617,"100,00%","100,00%"
,,,,
,No Aplica :,    22,,
,,,,
,AREA # 0215,"Áncash, provincia: Pallasca",,
,,,,
,H: La energía o combustible que utiliza para cocinar: gas natural (sistema de tuberías),Casos,%,Acumulado %
,No usa gas natural,   6 812,"100,00%","100,00%"
,Total,   6 812,"100,00%","100,00%"
,,,,
,No Aplica :,    38,,
,,,,
,AREA # 0216,"Áncash, provincia: Pomabamba",,
,,,,
,H: La energía o combustible que utiliza para cocinar: gas natural (sistema de tuberías),Casos,%,Acumulado %
,No usa gas natural,   7 286,"100,00%","100,00%"
,Total,   7 286,"100,00%","100,00%"
,,,,
,No Aplica :,    24,,
,,,,
,AREA # 0217,"Áncash, provincia: Recuay",,
,,,,
,H: La energía o combustible que utiliza para cocinar: gas natural (sistema de tuberías),Casos,%,Acumulado %
,No usa gas natural,   5 423,"100,00%","100,00%"
,Total,   5 423,"100,00%","100,00%"
,,,,
,No Aplica :,    20,,
,,,,
,AREA # 0218,"Áncash, provincia: Santa",,
,,,,
,H: La energía o combustible que utiliza para cocinar: gas natural (sistema de tuberías),Casos,%,Acumulado %
,No usa gas natural,   123 916,"100,00%","100,00%"
,Total,   123 916,"100,00%","100,00%"
,,,,
,No Aplica :,    299,,
,,,,
,AREA # 0219,"Áncash, provincia: Sihuas",,
,,,,
,H: La energía o combustible que utiliza para cocinar: gas natural (sistema de tuberías),Casos,%,Acumulado %
,No usa gas natural,   7 875,"100,00%","100,00%"
,Total,   7 875,"100,00%","100,00%"
,,,,
,No Aplica :,    29,,
,,,,
,AREA # 0220,"Áncash, provincia: Yungay",,
,,,,
,H: La energía o combustible que utiliza para cocinar: gas natural (sistema de tuberías),Casos,%,Acumulado %
,No usa gas natural,   14 843,"100,00%","100,00%"
,Total,   14 843,"100,00%","100,00%"
,,,,
,No Aplica :,    31,,
,,,,
,AREA # 0301,"Apurímac, provincia: Abancay",,
,,,,
,H: La energía o combustible que utiliza para cocinar: gas natural (sistema de tuberías),Casos,%,Acumulado %
,No usa gas natural,   34 270,"100,00%","100,00%"
,Total,   34 270,"100,00%","100,00%"
,,,,
,No Aplica :,    150,,
,,,,
,AREA # 0302,"Apurímac, provincia: Andahuaylas",,
,,,,
,H: La energía o combustible que utiliza para cocinar: gas natural (sistema de tuberías),Casos,%,Acumulado %
,No usa gas natural,   42 547,"100,00%","100,00%"
,Total,   42 547,"100,00%","100,00%"
,,,,
,No Aplica :,    144,,
,,,,
,AREA # 0303,"Apurímac, provincia: Antabamba",,
,,,,
,H: La energía o combustible que utiliza para cocinar: gas natural (sistema de tuberías),Casos,%,Acumulado %
,No usa gas natural,   4 080,"100,00%","100,00%"
,Total,   4 080,"100,00%","100,00%"
,,,,
,No Aplica :,    27,,
,,,,
,AREA # 0304,"Apurímac, provincia: Aymaraes",,
,,,,
,H: La energía o combustible que utiliza para cocinar: gas natural (sistema de tuberías),Casos,%,Acumulado %
,No usa gas natural,   8 745,"100,00%","100,00%"
,Total,   8 745,"100,00%","100,00%"
,,,,
,No Aplica :,    56,,
,,,,
,AREA # 0305,"Apurímac, provincia: Cotabambas",,
,,,,
,H: La energía o combustible que utiliza para cocinar: gas natural (sistema de tuberías),Casos,%,Acumulado %
,No usa gas natural,   15 248,"100,00%","100,00%"
,Total,   15 248,"100,00%","100,00%"
,,,,
,No Aplica :,    132,,
,,,,
,AREA # 0306,"Apurímac, provincia: Chincheros",,
,,,,
,H: La energía o combustible que utiliza para cocinar: gas natural (sistema de tuberías),Casos,%,Acumulado %
,No usa gas natural,   13 797,"100,00%","100,00%"
,Total,   13 797,"100,00%","100,00%"
,,,,
,No Aplica :,    86,,
,,,,
,AREA # 0307,"Apurímac, provincia: Grau",,
,,,,
,H: La energía o combustible que utiliza para cocinar: gas natural (sistema de tuberías),Casos,%,Acumulado %
,No usa gas natural,   7 361,"100,00%","100,00%"
,Total,   7 361,"100,00%","100,00%"
,,,,
,No Aplica :,    37,,
,,,,
,AREA # 0401,"Arequipa, provincia: Arequipa",,
,,,,
,H: La energía o combustible que utiliza para cocinar: gas natural (sistema de tuberías),Casos,%,Acumulado %
,No usa gas natural,   327 132,"99,81%","99,81%"
,Sí usa gas natural,    628,"0,19%","100,00%"
,Total,   327 760,"100,00%","100,00%"
,,,,
,No Aplica :,    914,,
,,,,
,AREA # 0402,"Arequipa, provincia: Camaná",,
,,,,
,H: La energía o combustible que utiliza para cocinar: gas natural (sistema de tuberías),Casos,%,Acumulado %
,No usa gas natural,   19 069,"100,00%","100,00%"
,Total,   19 069,"100,00%","100,00%"
,,,,
,No Aplica :,    298,,
,,,,
,AREA # 0403,"Arequipa, provincia: Caravelí",,
,,,,
,H: La energía o combustible que utiliza para cocinar: gas natural (sistema de tuberías),Casos,%,Acumulado %
,No usa gas natural,   12 266,"100,00%","100,00%"
,Total,   12 266,"100,00%","100,00%"
,,,,
,No Aplica :,    435,,
,,,,
,AREA # 0404,"Arequipa, provincia: Castilla",,
,,,,
,H: La energía o combustible que utiliza para cocinar: gas natural (sistema de tuberías),Casos,%,Acumulado %
,No usa gas natural,   10 797,"100,00%","100,00%"
,Total,   10 797,"100,00%","100,00%"
,,,,
,No Aplica :,    94,,
,,,,
,AREA # 0405,"Arequipa, provincia: Caylloma",,
,,,,
,H: La energía o combustible que utiliza para cocinar: gas natural (sistema de tuberías),Casos,%,Acumulado %
,No usa gas natural,   29 421,"100,00%","100,00%"
,Total,   29 421,"100,00%","100,00%"
,,,,
,No Aplica :,    219,,
,,,,
,AREA # 0406,"Arequipa, provincia: Condesuyos",,
,,,,
,H: La energía o combustible que utiliza para cocinar: gas natural (sistema de tuberías),Casos,%,Acumulado %
,No usa gas natural,   5 049,"100,00%","100,00%"
,Total,   5 049,"100,00%","100,00%"
,,,,
,No Aplica :,    174,,
,,,,
,AREA # 0407,"Arequipa, provincia: Islay",,
,,,,
,H: La energía o combustible que utiliza para cocinar: gas natural (sistema de tuberías),Casos,%,Acumulado %
,No usa gas natural,   16 767,"100,00%","100,00%"
,Total,   16 767,"100,00%","100,00%"
,,,,
,No Aplica :,    126,,
,,,,
,AREA # 0408,"Arequipa, provincia: La Unión",,
,,,,
,H: La energía o combustible que utiliza para cocinar: gas natural (sistema de tuberías),Casos,%,Acumulado %
,No usa gas natural,   4 393,"100,00%","100,00%"
,Total,   4 393,"100,00%","100,00%"
,,,,
,No Aplica :,    63,,
,,,,
,AREA # 0501,"Ayacucho, provincia: Huamanga",,
,,,,
,H: La energía o combustible que utiliza para cocinar: gas natural (sistema de tuberías),Casos,%,Acumulado %
,No usa gas natural,   78 266,"100,00%","100,00%"
,Total,   78 266,"100,00%","100,00%"
,,,,
,No Aplica :,    236,,
,,,,
,AREA # 0502,"Ayacucho, provincia: Cangallo",,
,,,,
,H: La energía o combustible que utiliza para cocinar: gas natural (sistema de tuberías),Casos,%,Acumulado %
,No usa gas natural,   10 419,"100,00%","100,00%"
,Total,   10 419,"100,00%","100,00%"
,,,,
,No Aplica :,    49,,
,,,,
,AREA # 0503,"Ayacucho, provincia: Huanca Sancos",,
,,,,
,H: La energía o combustible que utiliza para cocinar: gas natural (sistema de tuberías),Casos,%,Acumulado %
,No usa gas natural,   3 093,"100,00%","100,00%"
,Total,   3 093,"100,00%","100,00%"
,,,,
,No Aplica :,    37,,
,,,,
,AREA # 0504,"Ayacucho, provincia: Huanta",,
,,,,
,H: La energía o combustible que utiliza para cocinar: gas natural (sistema de tuberías),Casos,%,Acumulado %
,No usa gas natural,   26 084,"100,00%","100,00%"
,Total,   26 084,"100,00%","100,00%"
,,,,
,No Aplica :,    218,,
,,,,
,AREA # 0505,"Ayacucho, provincia: La Mar",,
,,,,
,H: La energía o combustible que utiliza para cocinar: gas natural (sistema de tuberías),Casos,%,Acumulado %
,No usa gas natural,   21 114,"100,00%","100,00%"
,Total,   21 114,"100,00%","100,00%"
,,,,
,No Aplica :,    63,,
,,,,
,AREA # 0506,"Ayacucho, provincia: Lucanas",,
,,,,
,H: La energía o combustible que utiliza para cocinar: gas natural (sistema de tuberías),Casos,%,Acumulado %
,No usa gas natural,   18 170,"100,00%","100,00%"
,Total,   18 170,"100,00%","100,00%"
,,,,
,No Aplica :,    100,,
,,,,
,AREA # 0507,"Ayacucho, provincia: Parinacochas",,
,,,,
,H: La energía o combustible que utiliza para cocinar: gas natural (sistema de tuberías),Casos,%,Acumulado %
,No usa gas natural,   8 247,"100,00%","100,00%"
,Total,   8 247,"100,00%","100,00%"
,,,,
,No Aplica :,    95,,
,,,,
,AREA # 0508,"Ayacucho, provincia: Páucar del Sara Sara",,
,,,,
,H: La energía o combustible que utiliza para cocinar: gas natural (sistema de tuberías),Casos,%,Acumulado %
,No usa gas natural,   3 333,"100,00%","100,00%"
,Total,   3 333,"100,00%","100,00%"
,,,,
,No Aplica :,    33,,
,,,,
,AREA # 0509,"Ayacucho, provincia: Sucre",,
,,,,
,H: La energía o combustible que utiliza para cocinar: gas natural (sistema de tuberías),Casos,%,Acumulado %
,No usa gas natural,   3 412,"100,00%","100,00%"
,Total,   3 412,"100,00%","100,00%"
,,,,
,No Aplica :,    15,,
,,,,
,AREA # 0510,"Ayacucho, provincia: Víctor Fajardo",,
,,,,
,H: La energía o combustible que utiliza para cocinar: gas natural (sistema de tuberías),Casos,%,Acumulado %
,No usa gas natural,   7 373,"100,00%","100,00%"
,Total,   7 373,"100,00%","100,00%"
,,,,
,No Aplica :,    43,,
,,,,
,AREA # 0511,"Ayacucho, provincia: Vilcas Huamán",,
,,,,
,H: La energía o combustible que utiliza para cocinar: gas natural (sistema de tuberías),Casos,%,Acumulado %
,No usa gas natural,   6 170,"100,00%","100,00%"
,Total,   6 170,"100,00%","100,00%"
,,,,
,No Aplica :,    23,,
,,,,
,AREA # 0601,"Cajamarca, provincia: Cajamarca",,
,,,,
,H: La energía o combustible que utiliza para cocinar: gas natural (sistema de tuberías),Casos,%,Acumulado %
,No usa gas natural,   96 177,"100,00%","100,00%"
,Total,   96 177,"100,00%","100,00%"
,,,,
,No Aplica :,    306,,
,,,,
,AREA # 0602,"Cajamarca, provincia: Cajabamba",,
,,,,
,H: La energía o combustible que utiliza para cocinar: gas natural (sistema de tuberías),Casos,%,Acumulado %
,No usa gas natural,   21 032,"100,00%","100,00%"
,Total,   21 032,"100,00%","100,00%"
,,,,
,No Aplica :,    76,,
,,,,
,AREA # 0603,"Cajamarca, provincia: Celendín",,
,,,,
,H: La energía o combustible que utiliza para cocinar: gas natural (sistema de tuberías),Casos,%,Acumulado %
,No usa gas natural,   23 898,"100,00%","100,00%"
,Total,   23 898,"100,00%","100,00%"
,,,,
,No Aplica :,    53,,
,,,,
,AREA # 0604,"Cajamarca, provincia: Chota",,
,,,,
,H: La energía o combustible que utiliza para cocinar: gas natural (sistema de tuberías),Casos,%,Acumulado %
,No usa gas natural,   44 493,"100,00%","100,00%"
,Total,   44 493,"100,00%","100,00%"
,,,,
,No Aplica :,    129,,
,,,,
,AREA # 0605,"Cajamarca, provincia: Contumazá",,
,,,,
,H: La energía o combustible que utiliza para cocinar: gas natural (sistema de tuberías),Casos,%,Acumulado %
,No usa gas natural,   9 088,"100,00%","100,00%"
,Total,   9 088,"100,00%","100,00%"
,,,,
,No Aplica :,    37,,
,,,,
,AREA # 0606,"Cajamarca, provincia: Cutervo",,
,,,,
,H: La energía o combustible que utiliza para cocinar: gas natural (sistema de tuberías),Casos,%,Acumulado %
,No usa gas natural,   36 645,"100,00%","100,00%"
,Total,   36 645,"100,00%","100,00%"
,,,,
,No Aplica :,    82,,
,,,,
,AREA # 0607,"Cajamarca, provincia: Hualgayoc",,
,,,,
,H: La energía o combustible que utiliza para cocinar: gas natural (sistema de tuberías),Casos,%,Acumulado %
,No usa gas natural,   25 423,"100,00%","100,00%"
,Total,   25 423,"100,00%","100,00%"
,,,,
,No Aplica :,    64,,
,,,,
,AREA # 0608,"Cajamarca, provincia: Jaén",,
,,,,
,H: La energía o combustible que utiliza para cocinar: gas natural (sistema de tuberías),Casos,%,Acumulado %
,No usa gas natural,   53 105,"100,00%","100,00%"
,Total,   53 105,"100,00%","100,00%"
,,,,
,No Aplica :,    146,,
,,,,
,AREA # 0609,"Cajamarca, provincia: San Ignacio",,
,,,,
,H: La energía o combustible que utiliza para cocinar: gas natural (sistema de tuberías),Casos,%,Acumulado %
,No usa gas natural,   37 238,"100,00%","100,00%"
,Total,   37 238,"100,00%","100,00%"
,,,,
,No Aplica :,    86,,
,,,,
,AREA # 0610,"Cajamarca, provincia: San Marcos",,
,,,,
,H: La energía o combustible que utiliza para cocinar: gas natural (sistema de tuberías),Casos,%,Acumulado %
,No usa gas natural,   14 888,"100,00%","100,00%"
,Total,   14 888,"100,00%","100,00%"
,,,,
,No Aplica :,    37,,
,,,,
,AREA # 0611,"Cajamarca, provincia: San Miguel",,
,,,,
,H: La energía o combustible que utiliza para cocinar: gas natural (sistema de tuberías),Casos,%,Acumulado %
,No usa gas natural,   15 433,"100,00%","100,00%"
,Total,   15 433,"100,00%","100,00%"
,,,,
,No Aplica :,    53,,
,,,,
,AREA # 0612,"Cajamarca, provincia: San Pablo",,
,,,,
,H: La energía o combustible que utiliza para cocinar: gas natural (sistema de tuberías),Casos,%,Acumulado %
,No usa gas natural,   6 562,"100,00%","100,00%"
,Total,   6 562,"100,00%","100,00%"
,,,,
,No Aplica :,    8,,
,,,,
,AREA # 0613,"Cajamarca, provincia: Santa Cruz",,
,,,,
,H: La energía o combustible que utiliza para cocinar: gas natural (sistema de tuberías),Casos,%,Acumulado %
,No usa gas natural,   11 626,"100,00%","100,00%"
,Total,   11 626,"100,00%","100,00%"
,,,,
,No Aplica :,    55,,
,,,,
,AREA # 0701,Provincia Constitucional del Callao,,
,,,,
,H: La energía o combustible que utiliza para cocinar: gas natural (sistema de tuberías),Casos,%,Acumulado %
,No usa gas natural,   243 306,"91,39%","91,39%"
,Sí usa gas natural,   22 922,"8,61%","100,00%"
,Total,   266 228,"100,00%","100,00%"
,,,,
,No Aplica :,    525,,
,,,,
,AREA # 0801,"Cusco, provincia: Cusco",,
,,,,
,H: La energía o combustible que utiliza para cocinar: gas natural (sistema de tuberías),Casos,%,Acumulado %
,No usa gas natural,   126 363,"100,00%","100,00%"
,Total,   126 363,"100,00%","100,00%"
,,,,
,No Aplica :,    648,,
,,,,
,AREA # 0802,"Cusco, provincia: Acomayo",,
,,,,
,H: La energía o combustible que utiliza para cocinar: gas natural (sistema de tuberías),Casos,%,Acumulado %
,No usa gas natural,   7 155,"100,00%","100,00%"
,Total,   7 155,"100,00%","100,00%"
,,,,
,No Aplica :,    20,,
,,,,
,AREA # 0803,"Cusco, provincia: Anta",,
,,,,
,H: La energía o combustible que utiliza para cocinar: gas natural (sistema de tuberías),Casos,%,Acumulado %
,No usa gas natural,   16 750,"100,00%","100,00%"
,Total,   16 750,"100,00%","100,00%"
,,,,
,No Aplica :,    72,,
,,,,
,AREA # 0804,"Cusco, provincia: Calca",,
,,,,
,H: La energía o combustible que utiliza para cocinar: gas natural (sistema de tuberías),Casos,%,Acumulado %
,No usa gas natural,   19 059,"100,00%","100,00%"
,Total,   19 059,"100,00%","100,00%"
,,,,
,No Aplica :,    78,,
,,,,
,AREA # 0805,"Cusco, provincia: Canas",,
,,,,
,H: La energía o combustible que utiliza para cocinar: gas natural (sistema de tuberías),Casos,%,Acumulado %
,No usa gas natural,   10 701,"100,00%","100,00%"
,Total,   10 701,"100,00%","100,00%"
,,,,
,No Aplica :,    39,,
,,,,
,AREA # 0806,"Cusco, provincia: Canchis",,
,,,,
,H: La energía o combustible que utiliza para cocinar: gas natural (sistema de tuberías),Casos,%,Acumulado %
,No usa gas natural,   30 044,"100,00%","100,00%"
,Total,   30 044,"100,00%","100,00%"
,,,,
,No Aplica :,    85,,
,,,,
,AREA # 0807,"Cusco, provincia: Chumbivilcas",,
,,,,
,H: La energía o combustible que utiliza para cocinar: gas natural (sistema de tuberías),Casos,%,Acumulado %
,No usa gas natural,   21 268,"100,00%","100,00%"
,Total,   21 268,"100,00%","100,00%"
,,,,
,No Aplica :,    150,,
,,,,
,AREA # 0808,"Cusco, provincia: Espinar",,
,,,,
,H: La energía o combustible que utiliza para cocinar: gas natural (sistema de tuberías),Casos,%,Acumulado %
,No usa gas natural,   19 170,"100,00%","100,00%"
,Total,   19 170,"100,00%","100,00%"
,,,,
,No Aplica :,    160,,
,,,,
,AREA # 0809,"Cusco, provincia: La Convención",,
,,,,
,H: La energía o combustible que utiliza para cocinar: gas natural (sistema de tuberías),Casos,%,Acumulado %
,No usa gas natural,   42 754,"100,00%","100,00%"
,Total,   42 754,"100,00%","100,00%"
,,,,
,No Aplica :,    301,,
,,,,
,AREA # 0810,"Cusco, provincia: Paruro",,
,,,,
,H: La energía o combustible que utiliza para cocinar: gas natural (sistema de tuberías),Casos,%,Acumulado %
,No usa gas natural,   8 200,"100,00%","100,00%"
,Total,   8 200,"100,00%","100,00%"
,,,,
,No Aplica :,    18,,
,,,,
,AREA # 0811,"Cusco, provincia: Paucartambo",,
,,,,
,H: La energía o combustible que utiliza para cocinar: gas natural (sistema de tuberías),Casos,%,Acumulado %
,No usa gas natural,   12 184,"100,00%","100,00%"
,Total,   12 184,"100,00%","100,00%"
,,,,
,No Aplica :,    32,,
,,,,
,AREA # 0812,"Cusco, provincia: Quispicanchi",,
,,,,
,H: La energía o combustible que utiliza para cocinar: gas natural (sistema de tuberías),Casos,%,Acumulado %
,No usa gas natural,   24 703,"100,00%","100,00%"
,Total,   24 703,"100,00%","100,00%"
,,,,
,No Aplica :,    79,,
,,,,
,AREA # 0813,"Cusco, provincia: Urubamba",,
,,,,
,H: La energía o combustible que utiliza para cocinar: gas natural (sistema de tuberías),Casos,%,Acumulado %
,No usa gas natural,   16 518,"100,00%","100,00%"
,Total,   16 518,"100,00%","100,00%"
,,,,
,No Aplica :,    201,,
,,,,
,AREA # 0901,"Huancavelica, provincia: Huancavelica",,
,,,,
,H: La energía o combustible que utiliza para cocinar: gas natural (sistema de tuberías),Casos,%,Acumulado %
,No usa gas natural,   33 386,"100,00%","100,00%"
,Total,   33 386,"100,00%","100,00%"
,,,,
,No Aplica :,    130,,
,,,,
,AREA # 0902,"Huancavelica, provincia: Acobamba",,
,,,,
,H: La energía o combustible que utiliza para cocinar: gas natural (sistema de tuberías),Casos,%,Acumulado %
,No usa gas natural,   11 670,"100,00%","100,00%"
,Total,   11 670,"100,00%","100,00%"
,,,,
,No Aplica :,    70,,
,,,,
,AREA # 0903,"Huancavelica, provincia: Angaraes",,
,,,,
,H: La energía o combustible que utiliza para cocinar: gas natural (sistema de tuberías),Casos,%,Acumulado %
,No usa gas natural,   14 279,"100,00%","100,00%"
,Total,   14 279,"100,00%","100,00%"
,,,,
,No Aplica :,    41,,
,,,,
,AREA # 0904,"Huancavelica, provincia: Castrovirreyna",,
,,,,
,H: La energía o combustible que utiliza para cocinar: gas natural (sistema de tuberías),Casos,%,Acumulado %
,No usa gas natural,   5 219,"100,00%","100,00%"
,Total,   5 219,"100,00%","100,00%"
,,,,
,No Aplica :,    43,,
,,,,
,AREA # 0905,"Huancavelica, provincia: Churcampa",,
,,,,
,H: La energía o combustible que utiliza para cocinar: gas natural (sistema de tuberías),Casos,%,Acumulado %
,No usa gas natural,   9 967,"100,00%","100,00%"
,Total,   9 967,"100,00%","100,00%"
,,,,
,No Aplica :,    30,,
,,,,
,AREA # 0906,"Huancavelica, provincia: Huaytará",,
,,,,
,H: La energía o combustible que utiliza para cocinar: gas natural (sistema de tuberías),Casos,%,Acumulado %
,No usa gas natural,   6 581,"100,00%","100,00%"
,Total,   6 581,"100,00%","100,00%"
,,,,
,No Aplica :,    52,,
,,,,
,AREA # 0907,"Huancavelica, provincia: Tayacaja",,
,,,,
,H: La energía o combustible que utiliza para cocinar: gas natural (sistema de tuberías),Casos,%,Acumulado %
,No usa gas natural,   24 916,"100,00%","100,00%"
,Total,   24 916,"100,00%","100,00%"
,,,,
,No Aplica :,    64,,
,,,,
,AREA # 1001,"Huánuco, provincia: Huánuco",,
,,,,
,H: La energía o combustible que utiliza para cocinar: gas natural (sistema de tuberías),Casos,%,Acumulado %
,No usa gas natural,   80 760,"100,00%","100,00%"
,Total,   80 760,"100,00%","100,00%"
,,,,
,No Aplica :,    211,,
,,,,
,AREA # 1002,"Huánuco, provincia: Ambo",,
,,,,
,H: La energía o combustible que utiliza para cocinar: gas natural (sistema de tuberías),Casos,%,Acumulado %
,No usa gas natural,   14 866,"100,00%","100,00%"
,Total,   14 866,"100,00%","100,00%"
,,,,
,No Aplica :,    33,,
,,,,
,AREA # 1003,"Huánuco, provincia: Dos De Mayo",,
,,,,
,H: La energía o combustible que utiliza para cocinar: gas natural (sistema de tuberías),Casos,%,Acumulado %
,No usa gas natural,   9 928,"100,00%","100,00%"
,Total,   9 928,"100,00%","100,00%"
,,,,
,No Aplica :,    46,,
,,,,
,AREA # 1004,"Huánuco, provincia: Huacaybamba",,
,,,,
,H: La energía o combustible que utiliza para cocinar: gas natural (sistema de tuberías),Casos,%,Acumulado %
,No usa gas natural,   4 424,"100,00%","100,00%"
,Total,   4 424,"100,00%","100,00%"
,,,,
,No Aplica :,    14,,
,,,,
,AREA # 1005,"Huánuco, provincia: Huamalíes",,
,,,,
,H: La energía o combustible que utiliza para cocinar: gas natural (sistema de tuberías),Casos,%,Acumulado %
,No usa gas natural,   15 478,"100,00%","100,00%"
,Total,   15 478,"100,00%","100,00%"
,,,,
,No Aplica :,    52,,
,,,,
,AREA # 1006,"Huánuco, provincia: Leoncio Prado",,
,,,,
,H: La energía o combustible que utiliza para cocinar: gas natural (sistema de tuberías),Casos,%,Acumulado %
,No usa gas natural,   35 518,"100,00%","100,00%"
,Total,   35 518,"100,00%","100,00%"
,,,,
,No Aplica :,    219,,
,,,,
,AREA # 1007,"Huánuco, provincia: Marañón",,
,,,,
,H: La energía o combustible que utiliza para cocinar: gas natural (sistema de tuberías),Casos,%,Acumulado %
,No usa gas natural,   7 424,"100,00%","100,00%"
,Total,   7 424,"100,00%","100,00%"
,,,,
,No Aplica :,    81,,
,,,,
,AREA # 1008,"Huánuco, provincia: Pachitea",,
,,,,
,H: La energía o combustible que utiliza para cocinar: gas natural (sistema de tuberías),Casos,%,Acumulado %
,No usa gas natural,   13 980,"100,00%","100,00%"
,Total,   13 980,"100,00%","100,00%"
,,,,
,No Aplica :,    63,,
,,,,
,AREA # 1009,"Huánuco, provincia: Puerto Inca",,
,,,,
,H: La energía o combustible que utiliza para cocinar: gas natural (sistema de tuberías),Casos,%,Acumulado %
,No usa gas natural,   8 923,"100,00%","100,00%"
,Total,   8 923,"100,00%","100,00%"
,,,,
,No Aplica :,    70,,
,,,,
,AREA # 1010,"Huánuco, provincia: Lauricocha",,
,,,,
,H: La energía o combustible que utiliza para cocinar: gas natural (sistema de tuberías),Casos,%,Acumulado %
,No usa gas natural,   5 595,"100,00%","100,00%"
,Total,   5 595,"100,00%","100,00%"
,,,,
,No Aplica :,    38,,
,,,,
,AREA # 1011,"Huánuco, provincia: Yarowilca",,
,,,,
,H: La energía o combustible que utiliza para cocinar: gas natural (sistema de tuberías),Casos,%,Acumulado %
,No usa gas natural,   6 555,"100,00%","100,00%"
,Total,   6 555,"100,00%","100,00%"
,,,,
,No Aplica :,    30,,
,,,,
,AREA # 1101,"Ica, provincia: Ica",,
,,,,
,H: La energía o combustible que utiliza para cocinar: gas natural (sistema de tuberías),Casos,%,Acumulado %
,No usa gas natural,   93 532,"85,55%","85,55%"
,Sí usa gas natural,   15 796,"14,45%","100,00%"
,Total,   109 328,"100,00%","100,00%"
,,,,
,No Aplica :,   1 062,,
,,,,
,AREA # 1102,"Ica, provincia: Chincha",,
,,,,
,H: La energía o combustible que utiliza para cocinar: gas natural (sistema de tuberías),Casos,%,Acumulado %
,No usa gas natural,   52 440,"86,32%","86,32%"
,Sí usa gas natural,   8 312,"13,68%","100,00%"
,Total,   60 752,"100,00%","100,00%"
,,,,
,No Aplica :,    250,,
,,,,
,AREA # 1103,"Ica, provincia: Nazca",,
,,,,
,H: La energía o combustible que utiliza para cocinar: gas natural (sistema de tuberías),Casos,%,Acumulado %
,No usa gas natural,   18 886,"89,89%","89,89%"
,Sí usa gas natural,   2 123,"10,11%","100,00%"
,Total,   21 009,"100,00%","100,00%"
,,,,
,No Aplica :,    521,,
,,,,
,AREA # 1104,"Ica, provincia: Palpa",,
,,,,
,H: La energía o combustible que utiliza para cocinar: gas natural (sistema de tuberías),Casos,%,Acumulado %
,No usa gas natural,   4 244,"100,00%","100,00%"
,Total,   4 244,"100,00%","100,00%"
,,,,
,No Aplica :,    36,,
,,,,
,AREA # 1105,"Ica, provincia: Pisco",,
,,,,
,H: La energía o combustible que utiliza para cocinar: gas natural (sistema de tuberías),Casos,%,Acumulado %
,No usa gas natural,   35 594,"83,35%","83,35%"
,Sí usa gas natural,   7 111,"16,65%","100,00%"
,Total,   42 705,"100,00%","100,00%"
,,,,
,No Aplica :,    301,,
,,,,
,AREA # 1201,"Junín, provincia: Huancayo",,
,,,,
,H: La energía o combustible que utiliza para cocinar: gas natural (sistema de tuberías),Casos,%,Acumulado %
,No usa gas natural,   150 673,"100,00%","100,00%"
,Total,   150 673,"100,00%","100,00%"
,,,,
,No Aplica :,    374,,
,,,,
,AREA # 1202,"Junín, provincia: Concepción",,
,,,,
,H: La energía o combustible que utiliza para cocinar: gas natural (sistema de tuberías),Casos,%,Acumulado %
,No usa gas natural,   16 427,"100,00%","100,00%"
,Total,   16 427,"100,00%","100,00%"
,,,,
,No Aplica :,    30,,
,,,,
,AREA # 1203,"Junín, provincia: Chanchamayo",,
,,,,
,H: La energía o combustible que utiliza para cocinar: gas natural (sistema de tuberías),Casos,%,Acumulado %
,No usa gas natural,   44 480,"100,00%","100,00%"
,Total,   44 480,"100,00%","100,00%"
,,,,
,No Aplica :,    178,,
,,,,
,AREA # 1204,"Junín, provincia: Jauja",,
,,,,
,H: La energía o combustible que utiliza para cocinar: gas natural (sistema de tuberías),Casos,%,Acumulado %
,No usa gas natural,   25 303,"100,00%","100,00%"
,Total,   25 303,"100,00%","100,00%"
,,,,
,No Aplica :,    52,,
,,,,
,AREA # 1205,"Junín, provincia: Junín",,
,,,,
,H: La energía o combustible que utiliza para cocinar: gas natural (sistema de tuberías),Casos,%,Acumulado %
,No usa gas natural,   7 594,"100,00%","100,00%"
,Total,   7 594,"100,00%","100,00%"
,,,,
,No Aplica :,    17,,
,,,,
,AREA # 1206,"Junín, provincia: Satipo",,
,,,,
,H: La energía o combustible que utiliza para cocinar: gas natural (sistema de tuberías),Casos,%,Acumulado %
,No usa gas natural,   52 254,"100,00%","100,00%"
,Total,   52 254,"100,00%","100,00%"
,,,,
,No Aplica :,    174,,
,,,,
,AREA # 1207,"Junín, provincia: Tarma",,
,,,,
,H: La energía o combustible que utiliza para cocinar: gas natural (sistema de tuberías),Casos,%,Acumulado %
,No usa gas natural,   27 428,"100,00%","100,00%"
,Total,   27 428,"100,00%","100,00%"
,,,,
,No Aplica :,    69,,
,,,,
,AREA # 1208,"Junín, provincia: Yauli",,
,,,,
,H: La energía o combustible que utiliza para cocinar: gas natural (sistema de tuberías),Casos,%,Acumulado %
,No usa gas natural,   10 632,"100,00%","100,00%"
,Total,   10 632,"100,00%","100,00%"
,,,,
,No Aplica :,    151,,
,,,,
,AREA # 1209,"Junín, provincia: Chupaca",,
,,,,
,H: La energía o combustible que utiliza para cocinar: gas natural (sistema de tuberías),Casos,%,Acumulado %
,No usa gas natural,   14 922,"100,00%","100,00%"
,Total,   14 922,"100,00%","100,00%"
,,,,
,No Aplica :,    17,,
,,,,
,AREA # 1301,"La Lbertad, provincia: Trujillo",,
,,,,
,H: La energía o combustible que utiliza para cocinar: gas natural (sistema de tuberías),Casos,%,Acumulado %
,No usa gas natural,   250 281,"100,00%","100,00%"
,Total,   250 281,"100,00%","100,00%"
,,,,
,No Aplica :,    554,,
,,,,
,AREA # 1302,"La Lbertad, provincia: Ascope",,
,,,,
,H: La energía o combustible que utiliza para cocinar: gas natural (sistema de tuberías),Casos,%,Acumulado %
,No usa gas natural,   31 716,"100,00%","100,00%"
,Total,   31 716,"100,00%","100,00%"
,,,,
,No Aplica :,    121,,
,,,,
,AREA # 1303,"La Lbertad, provincia: Bolívar",,
,,,,
,H: La energía o combustible que utiliza para cocinar: gas natural (sistema de tuberías),Casos,%,Acumulado %
,No usa gas natural,   4 042,"100,00%","100,00%"
,Total,   4 042,"100,00%","100,00%"
,,,,
,No Aplica :,    10,,
,,,,
,AREA # 1304,"La Lbertad, provincia: Chepén",,
,,,,
,H: La energía o combustible que utiliza para cocinar: gas natural (sistema de tuberías),Casos,%,Acumulado %
,No usa gas natural,   22 549,"100,00%","100,00%"
,Total,   22 549,"100,00%","100,00%"
,,,,
,No Aplica :,    39,,
,,,,
,AREA # 1305,"La Lbertad, provincia: Julcán",,
,,,,
,H: La energía o combustible que utiliza para cocinar: gas natural (sistema de tuberías),Casos,%,Acumulado %
,No usa gas natural,   9 006,"100,00%","100,00%"
,Total,   9 006,"100,00%","100,00%"
,,,,
,No Aplica :,    28,,
,,,,
,AREA # 1306,"La Lbertad, provincia: Otuzco",,
,,,,
,H: La energía o combustible que utiliza para cocinar: gas natural (sistema de tuberías),Casos,%,Acumulado %
,No usa gas natural,   24 057,"100,00%","100,00%"
,Total,   24 057,"100,00%","100,00%"
,,,,
,No Aplica :,    60,,
,,,,
,AREA # 1307,"La Lbertad, provincia: Pacasmayo",,
,,,,
,H: La energía o combustible que utiliza para cocinar: gas natural (sistema de tuberías),Casos,%,Acumulado %
,No usa gas natural,   29 439,"100,00%","100,00%"
,Total,   29 439,"100,00%","100,00%"
,,,,
,No Aplica :,    77,,
,,,,
,AREA # 1308,"La Lbertad, provincia: Pataz",,
,,,,
,H: La energía o combustible que utiliza para cocinar: gas natural (sistema de tuberías),Casos,%,Acumulado %
,No usa gas natural,   18 871,"100,00%","100,00%"
,Total,   18 871,"100,00%","100,00%"
,,,,
,No Aplica :,    218,,
,,,,
,AREA # 1309,"La Lbertad, provincia: Sánchez Carrión",,
,,,,
,H: La energía o combustible que utiliza para cocinar: gas natural (sistema de tuberías),Casos,%,Acumulado %
,No usa gas natural,   38 881,"100,00%","100,00%"
,Total,   38 881,"100,00%","100,00%"
,,,,
,No Aplica :,    89,,
,,,,
,AREA # 1310,"La Lbertad, provincia: Santiago de Chuco",,
,,,,
,H: La energía o combustible que utiliza para cocinar: gas natural (sistema de tuberías),Casos,%,Acumulado %
,No usa gas natural,   14 362,"100,00%","100,00%"
,Total,   14 362,"100,00%","100,00%"
,,,,
,No Aplica :,    213,,
,,,,
,AREA # 1311,"La Lbertad, provincia: Gran Chimú",,
,,,,
,H: La energía o combustible que utiliza para cocinar: gas natural (sistema de tuberías),Casos,%,Acumulado %
,No usa gas natural,   7 959,"100,00%","100,00%"
,Total,   7 959,"100,00%","100,00%"
,,,,
,No Aplica :,    32,,
,,,,
,AREA # 1312,"La Lbertad, provincia: Virú",,
,,,,
,H: La energía o combustible que utiliza para cocinar: gas natural (sistema de tuberías),Casos,%,Acumulado %
,No usa gas natural,   22 864,"100,00%","100,00%"
,Total,   22 864,"100,00%","100,00%"
,,,,
,No Aplica :,    67,,
,,,,
,AREA # 1401,"Lambayeque, provincia: Chiclayo",,
,,,,
,H: La energía o combustible que utiliza para cocinar: gas natural (sistema de tuberías),Casos,%,Acumulado %
,No usa gas natural,   208 531,"100,00%","100,00%"
,Total,   208 531,"100,00%","100,00%"
,,,,
,No Aplica :,    425,,
,,,,
,AREA # 1402,"Lambayeque, provincia: Ferreñafe",,
,,,,
,H: La energía o combustible que utiliza para cocinar: gas natural (sistema de tuberías),Casos,%,Acumulado %
,No usa gas natural,   25 421,"100,00%","100,00%"
,Total,   25 421,"100,00%","100,00%"
,,,,
,No Aplica :,    83,,
,,,,
,AREA # 1403,"Lambayeque, provincia: Lambayeque",,
,,,,
,H: La energía o combustible que utiliza para cocinar: gas natural (sistema de tuberías),Casos,%,Acumulado %
,No usa gas natural,   75 035,"100,00%","100,00%"
,Total,   75 035,"100,00%","100,00%"
,,,,
,No Aplica :,    136,,
,,,,
,AREA # 1501,"Lima, provincia: Lima",,
,,,,
,H: La energía o combustible que utiliza para cocinar: gas natural (sistema de tuberías),Casos,%,Acumulado %
,No usa gas natural,  1 970 608,"83,71%","83,71%"
,Sí usa gas natural,   383 342,"16,29%","100,00%"
,Total,  2 353 950,"100,00%","100,00%"
,,,,
,No Aplica :,   5 830,,
,,,,
,AREA # 1502,"Lima, provincia: Barranca",,
,,,,
,H: La energía o combustible que utiliza para cocinar: gas natural (sistema de tuberías),Casos,%,Acumulado %
,No usa gas natural,   40 450,"100,00%","100,00%"
,Total,   40 450,"100,00%","100,00%"
,,,,
,No Aplica :,    123,,
,,,,
,AREA # 1503,"Lima, provincia: Cajatambo",,
,,,,
,H: La energía o combustible que utiliza para cocinar: gas natural (sistema de tuberías),Casos,%,Acumulado %
,No usa gas natural,   2 235,"100,00%","100,00%"
,Total,   2 235,"100,00%","100,00%"
,,,,
,No Aplica :,    35,,
,,,,
,AREA # 1504,"Lima, provincia: Canta",,
,,,,
,H: La energía o combustible que utiliza para cocinar: gas natural (sistema de tuberías),Casos,%,Acumulado %
,No usa gas natural,   3 978,"100,00%","100,00%"
,Total,   3 978,"100,00%","100,00%"
,,,,
,No Aplica :,    56,,
,,,,
,AREA # 1505,"Lima, provincia: Cañete",,
,,,,
,H: La energía o combustible que utiliza para cocinar: gas natural (sistema de tuberías),Casos,%,Acumulado %
,No usa gas natural,   66 901,"100,00%","100,00%"
,Total,   66 901,"100,00%","100,00%"
,,,,
,No Aplica :,    360,,
,,,,
,AREA # 1506,"Lima, provincia: Huaral",,
,,,,
,H: La energía o combustible que utiliza para cocinar: gas natural (sistema de tuberías),Casos,%,Acumulado %
,No usa gas natural,   49 999,"100,00%","100,00%"
,Total,   49 999,"100,00%","100,00%"
,,,,
,No Aplica :,    271,,
,,,,
,AREA # 1507,"Lima, provincia: Huarochirí",,
,,,,
,H: La energía o combustible que utiliza para cocinar: gas natural (sistema de tuberías),Casos,%,Acumulado %
,No usa gas natural,   17 442,"100,00%","100,00%"
,Total,   17 442,"100,00%","100,00%"
,,,,
,No Aplica :,    147,,
,,,,
,AREA # 1508,"Lima, provincia: Huaura",,
,,,,
,H: La energía o combustible que utiliza para cocinar: gas natural (sistema de tuberías),Casos,%,Acumulado %
,No usa gas natural,   64 619,"100,00%","100,00%"
,Total,   64 619,"100,00%","100,00%"
,,,,
,No Aplica :,    183,,
,,,,
,AREA # 1509,"Lima, provincia: Oyón",,
,,,,
,H: La energía o combustible que utiliza para cocinar: gas natural (sistema de tuberías),Casos,%,Acumulado %
,No usa gas natural,   4 678,"100,00%","100,00%"
,Total,   4 678,"100,00%","100,00%"
,,,,
,No Aplica :,    58,,
,,,,
,AREA # 1510,"Lima, provincia: Yauyos",,
,,,,
,H: La energía o combustible que utiliza para cocinar: gas natural (sistema de tuberías),Casos,%,Acumulado %
,No usa gas natural,   6 870,"100,00%","100,00%"
,Total,   6 870,"100,00%","100,00%"
,,,,
,No Aplica :,    53,,
,,,,
,AREA # 1601,"Loreto, provincia: Maynas",,
,,,,
,H: La energía o combustible que utiliza para cocinar: gas natural (sistema de tuberías),Casos,%,Acumulado %
,No usa gas natural,   106 846,"100,00%","100,00%"
,Total,   106 846,"100,00%","100,00%"
,,,,
,No Aplica :,    506,,
,,,,
,AREA # 1602,"Loreto, provincia: Alto Amazonas",,
,,,,
,H: La energía o combustible que utiliza para cocinar: gas natural (sistema de tuberías),Casos,%,Acumulado %
,No usa gas natural,   29 009,"100,00%","100,00%"
,Total,   29 009,"100,00%","100,00%"
,,,,
,No Aplica :,    153,,
,,,,
,AREA # 1603,"Loreto, provincia: Loreto",,
,,,,
,H: La energía o combustible que utiliza para cocinar: gas natural (sistema de tuberías),Casos,%,Acumulado %
,No usa gas natural,   13 726,"100,00%","100,00%"
,Total,   13 726,"100,00%","100,00%"
,,,,
,No Aplica :,    108,,
,,,,
,AREA # 1604,"Loreto, provincia: Mariscal Ramón Castilla",,
,,,,
,H: La energía o combustible que utiliza para cocinar: gas natural (sistema de tuberías),Casos,%,Acumulado %
,No usa gas natural,   10 550,"100,00%","100,00%"
,Total,   10 550,"100,00%","100,00%"
,,,,
,No Aplica :,    85,,
,,,,
,AREA # 1605,"Loreto, provincia: Requena",,
,,,,
,H: La energía o combustible que utiliza para cocinar: gas natural (sistema de tuberías),Casos,%,Acumulado %
,No usa gas natural,   12 425,"100,00%","100,00%"
,Total,   12 425,"100,00%","100,00%"
,,,,
,No Aplica :,    72,,
,,,,
,AREA # 1606,"Loreto, provincia: Ucayali",,
,,,,
,H: La energía o combustible que utiliza para cocinar: gas natural (sistema de tuberías),Casos,%,Acumulado %
,No usa gas natural,   12 156,"100,00%","100,00%"
,Total,   12 156,"100,00%","100,00%"
,,,,
,No Aplica :,    217,,
,,,,
,AREA # 1607,"Loreto, provincia: Datem del Marañón",,
,,,,
,H: La energía o combustible que utiliza para cocinar: gas natural (sistema de tuberías),Casos,%,Acumulado %
,No usa gas natural,   10 249,"100,00%","100,00%"
,Total,   10 249,"100,00%","100,00%"
,,,,
,No Aplica :,    65,,
,,,,
,AREA # 1608,"Loreto, provincia: Putumayo",,
,,,,
,H: La energía o combustible que utiliza para cocinar: gas natural (sistema de tuberías),Casos,%,Acumulado %
,No usa gas natural,   1 724,"100,00%","100,00%"
,Total,   1 724,"100,00%","100,00%"
,,,,
,No Aplica :,    49,,
,,,,
,AREA # 1701,Madre de Dios prov. de Tambopata,,
,,,,
,H: La energía o combustible que utiliza para cocinar: gas natural (sistema de tuberías),Casos,%,Acumulado %
,No usa gas natural,   32 689,"100,00%","100,00%"
,Total,   32 689,"100,00%","100,00%"
,,,,
,No Aplica :,    335,,
,,,,
,AREA # 1702,Madre de Dios prov. de Manu,,
,,,,
,H: La energía o combustible que utiliza para cocinar: gas natural (sistema de tuberías),Casos,%,Acumulado %
,No usa gas natural,   5 603,"100,00%","100,00%"
,Total,   5 603,"100,00%","100,00%"
,,,,
,No Aplica :,    85,,
,,,,
,AREA # 1703,Madre de Dios prov. de Tahuamanu,,
,,,,
,H: La energía o combustible que utiliza para cocinar: gas natural (sistema de tuberías),Casos,%,Acumulado %
,No usa gas natural,   3 120,"100,00%","100,00%"
,Total,   3 120,"100,00%","100,00%"
,,,,
,No Aplica :,    53,,
,,,,
,AREA # 1801,"Moquegua, provincia: Mariscal Nieto",,
,,,,
,H: La energía o combustible que utiliza para cocinar: gas natural (sistema de tuberías),Casos,%,Acumulado %
,No usa gas natural,   28 802,"100,00%","100,00%"
,Total,   28 802,"100,00%","100,00%"
,,,,
,No Aplica :,    334,,
,,,,
,AREA # 1802,"Moquegua, provincia: General Sánchez Cerro",,
,,,,
,H: La energía o combustible que utiliza para cocinar: gas natural (sistema de tuberías),Casos,%,Acumulado %
,No usa gas natural,   6 405,"100,00%","100,00%"
,Total,   6 405,"100,00%","100,00%"
,,,,
,No Aplica :,    81,,
,,,,
,AREA # 1803,"Moquegua, provincia: Ilo",,
,,,,
,H: La energía o combustible que utiliza para cocinar: gas natural (sistema de tuberías),Casos,%,Acumulado %
,No usa gas natural,   23 795,"100,00%","100,00%"
,Total,   23 795,"100,00%","100,00%"
,,,,
,No Aplica :,    190,,
,,,,
,AREA # 1901,"Pasco, provincia: Pasco",,
,,,,
,H: La energía o combustible que utiliza para cocinar: gas natural (sistema de tuberías),Casos,%,Acumulado %
,No usa gas natural,   33 251,"100,00%","100,00%"
,Total,   33 251,"100,00%","100,00%"
,,,,
,No Aplica :,    342,,
,,,,
,AREA # 1902,"Pasco, provincia: Daniel Alcides Carrión",,
,,,,
,H: La energía o combustible que utiliza para cocinar: gas natural (sistema de tuberías),Casos,%,Acumulado %
,No usa gas natural,   10 998,"100,00%","100,00%"
,Total,   10 998,"100,00%","100,00%"
,,,,
,No Aplica :,    27,,
,,,,
,AREA # 1903,"Pasco, provincia: Oxapampa",,
,,,,
,H: La energía o combustible que utiliza para cocinar: gas natural (sistema de tuberías),Casos,%,Acumulado %
,No usa gas natural,   24 948,"100,00%","100,00%"
,Total,   24 948,"100,00%","100,00%"
,,,,
,No Aplica :,    323,,
,,,,
,AREA # 2001,"Piura, provincia: Piura",,
,,,,
,H: La energía o combustible que utiliza para cocinar: gas natural (sistema de tuberías),Casos,%,Acumulado %
,No usa gas natural,   205 269,"100,00%","100,00%"
,Total,   205 269,"100,00%","100,00%"
,,,,
,No Aplica :,    374,,
,,,,
,AREA # 2002,"Piura, provincia: Ayabaca",,
,,,,
,H: La energía o combustible que utiliza para cocinar: gas natural (sistema de tuberías),Casos,%,Acumulado %
,No usa gas natural,   31 506,"100,00%","100,00%"
,Total,   31 506,"100,00%","100,00%"
,,,,
,No Aplica :,    103,,
,,,,
,AREA # 2003,"Piura, provincia: Huancabamba",,
,,,,
,H: La energía o combustible que utiliza para cocinar: gas natural (sistema de tuberías),Casos,%,Acumulado %
,No usa gas natural,   31 975,"100,00%","100,00%"
,Total,   31 975,"100,00%","100,00%"
,,,,
,No Aplica :,    147,,
,,,,
,AREA # 2004,"Piura, provincia: Morropón",,
,,,,
,H: La energía o combustible que utiliza para cocinar: gas natural (sistema de tuberías),Casos,%,Acumulado %
,No usa gas natural,   46 727,"100,00%","100,00%"
,Total,   46 727,"100,00%","100,00%"
,,,,
,No Aplica :,    112,,
,,,,
,AREA # 2005,"Piura, provincia: Paita",,
,,,,
,H: La energía o combustible que utiliza para cocinar: gas natural (sistema de tuberías),Casos,%,Acumulado %
,No usa gas natural,   35 019,"100,00%","100,00%"
,Total,   35 019,"100,00%","100,00%"
,,,,
,No Aplica :,    58,,
,,,,
,AREA # 2006,"Piura, provincia: Sullana",,
,,,,
,H: La energía o combustible que utiliza para cocinar: gas natural (sistema de tuberías),Casos,%,Acumulado %
,No usa gas natural,   83 430,"100,00%","100,00%"
,Total,   83 430,"100,00%","100,00%"
,,,,
,No Aplica :,    141,,
,,,,
,AREA # 2007,"Piura, provincia: Talara",,
,,,,
,H: La energía o combustible que utiliza para cocinar: gas natural (sistema de tuberías),Casos,%,Acumulado %
,No usa gas natural,   38 305,"100,00%","100,00%"
,Total,   38 305,"100,00%","100,00%"
,,,,
,No Aplica :,    452,,
,,,,
,AREA # 2008,"Piura, provincia: Sechura",,
,,,,
,H: La energía o combustible que utiliza para cocinar: gas natural (sistema de tuberías),Casos,%,Acumulado %
,No usa gas natural,   20 455,"100,00%","100,00%"
,Total,   20 455,"100,00%","100,00%"
,,,,
,No Aplica :,    103,,
,,,,
,AREA # 2101,"Puno, provincia: Puno",,
,,,,
,H: La energía o combustible que utiliza para cocinar: gas natural (sistema de tuberías),Casos,%,Acumulado %
,No usa gas natural,   76 177,"100,00%","100,00%"
,Total,   76 177,"100,00%","100,00%"
,,,,
,No Aplica :,    245,,
,,,,
,AREA # 2102,"Puno, provincia: Azángaro",,
,,,,
,H: La energía o combustible que utiliza para cocinar: gas natural (sistema de tuberías),Casos,%,Acumulado %
,No usa gas natural,   39 744,"100,00%","100,00%"
,Total,   39 744,"100,00%","100,00%"
,,,,
,No Aplica :,    54,,
,,,,
,AREA # 2103,"Puno, provincia: Carabaya",,
,,,,
,H: La energía o combustible que utiliza para cocinar: gas natural (sistema de tuberías),Casos,%,Acumulado %
,No usa gas natural,   25 287,"100,00%","100,00%"
,Total,   25 287,"100,00%","100,00%"
,,,,
,No Aplica :,    96,,
,,,,
,AREA # 2104,"Puno, provincia: Chucuito",,
,,,,
,H: La energía o combustible que utiliza para cocinar: gas natural (sistema de tuberías),Casos,%,Acumulado %
,No usa gas natural,   36 744,"100,00%","100,00%"
,Total,   36 744,"100,00%","100,00%"
,,,,
,No Aplica :,    82,,
,,,,
,AREA # 2105,"Puno, provincia: El Collao",,
,,,,
,H: La energía o combustible que utiliza para cocinar: gas natural (sistema de tuberías),Casos,%,Acumulado %
,No usa gas natural,   26 072,"100,00%","100,00%"
,Total,   26 072,"100,00%","100,00%"
,,,,
,No Aplica :,    71,,
,,,,
,AREA # 2106,"Puno, provincia: Huancané",,
,,,,
,H: La energía o combustible que utiliza para cocinar: gas natural (sistema de tuberías),Casos,%,Acumulado %
,No usa gas natural,   23 730,"100,00%","100,00%"
,Total,   23 730,"100,00%","100,00%"
,,,,
,No Aplica :,    76,,
,,,,
,AREA # 2107,"Puno, provincia: Lampa",,
,,,,
,H: La energía o combustible que utiliza para cocinar: gas natural (sistema de tuberías),Casos,%,Acumulado %
,No usa gas natural,   16 196,"100,00%","100,00%"
,Total,   16 196,"100,00%","100,00%"
,,,,
,No Aplica :,    45,,
,,,,
,AREA # 2108,"Puno, provincia: Melgar",,
,,,,
,H: La energía o combustible que utiliza para cocinar: gas natural (sistema de tuberías),Casos,%,Acumulado %
,No usa gas natural,   22 683,"100,00%","100,00%"
,Total,   22 683,"100,00%","100,00%"
,,,,
,No Aplica :,    322,,
,,,,
,AREA # 2109,"Puno, provincia: Moho",,
,,,,
,H: La energía o combustible que utiliza para cocinar: gas natural (sistema de tuberías),Casos,%,Acumulado %
,No usa gas natural,   9 003,"100,00%","100,00%"
,Total,   9 003,"100,00%","100,00%"
,,,,
,No Aplica :,    11,,
,,,,
,AREA # 2110,"Puno, provincia: San Antonio de Putina",,
,,,,
,H: La energía o combustible que utiliza para cocinar: gas natural (sistema de tuberías),Casos,%,Acumulado %
,No usa gas natural,   12 723,"100,00%","100,00%"
,Total,   12 723,"100,00%","100,00%"
,,,,
,No Aplica :,    71,,
,,,,
,AREA # 2111,"Puno, provincia: San Román",,
,,,,
,H: La energía o combustible que utiliza para cocinar: gas natural (sistema de tuberías),Casos,%,Acumulado %
,No usa gas natural,   92 138,"100,00%","100,00%"
,Total,   92 138,"100,00%","100,00%"
,,,,
,No Aplica :,    191,,
,,,,
,AREA # 2112,"Puno, provincia: Sandia",,
,,,,
,H: La energía o combustible que utiliza para cocinar: gas natural (sistema de tuberías),Casos,%,Acumulado %
,No usa gas natural,   20 109,"100,00%","100,00%"
,Total,   20 109,"100,00%","100,00%"
,,,,
,No Aplica :,    81,,
,,,,
,AREA # 2113,"Puno, provincia: Yunguyo",,
,,,,
,H: La energía o combustible que utiliza para cocinar: gas natural (sistema de tuberías),Casos,%,Acumulado %
,No usa gas natural,   14 363,"100,00%","100,00%"
,Total,   14 363,"100,00%","100,00%"
,,,,
,No Aplica :,    29,,
,,,,
,AREA # 2201,"San Martín, provincia: Moyobamba",,
,,,,
,H: La energía o combustible que utiliza para cocinar: gas natural (sistema de tuberías),Casos,%,Acumulado %
,No usa gas natural,   33 793,"100,00%","100,00%"
,Total,   33 793,"100,00%","100,00%"
,,,,
,No Aplica :,    153,,
,,,,
,AREA # 2202,"San Martín, provincia: Bellavista",,
,,,,
,H: La energía o combustible que utiliza para cocinar: gas natural (sistema de tuberías),Casos,%,Acumulado %
,No usa gas natural,   14 889,"100,00%","100,00%"
,Total,   14 889,"100,00%","100,00%"
,,,,
,No Aplica :,    38,,
,,,,
,AREA # 2203,"San Martín, provincia: El Dorado",,
,,,,
,H: La energía o combustible que utiliza para cocinar: gas natural (sistema de tuberías),Casos,%,Acumulado %
,No usa gas natural,   9 405,"100,00%","100,00%"
,Total,   9 405,"100,00%","100,00%"
,,,,
,No Aplica :,    11,,
,,,,
,AREA # 2204,"San Martín, provincia: Huallaga",,
,,,,
,H: La energía o combustible que utiliza para cocinar: gas natural (sistema de tuberías),Casos,%,Acumulado %
,No usa gas natural,   8 079,"100,00%","100,00%"
,Total,   8 079,"100,00%","100,00%"
,,,,
,No Aplica :,    19,,
,,,,
,AREA # 2205,"San Martín, provincia: Lamas",,
,,,,
,H: La energía o combustible que utiliza para cocinar: gas natural (sistema de tuberías),Casos,%,Acumulado %
,No usa gas natural,   22 072,"100,00%","100,00%"
,Total,   22 072,"100,00%","100,00%"
,,,,
,No Aplica :,    44,,
,,,,
,AREA # 2206,"San Martín, provincia: Mariscal Cáceres",,
,,,,
,H: La energía o combustible que utiliza para cocinar: gas natural (sistema de tuberías),Casos,%,Acumulado %
,No usa gas natural,   17 065,"100,00%","100,00%"
,Total,   17 065,"100,00%","100,00%"
,,,,
,No Aplica :,    72,,
,,,,
,AREA # 2207,"San Martín, provincia: Picota",,
,,,,
,H: La energía o combustible que utiliza para cocinar: gas natural (sistema de tuberías),Casos,%,Acumulado %
,No usa gas natural,   10 945,"100,00%","100,00%"
,Total,   10 945,"100,00%","100,00%"
,,,,
,No Aplica :,    23,,
,,,,
,AREA # 2208,"San Martín, provincia: Rioja",,
,,,,
,H: La energía o combustible que utiliza para cocinar: gas natural (sistema de tuberías),Casos,%,Acumulado %
,No usa gas natural,   34 094,"100,00%","100,00%"
,Total,   34 094,"100,00%","100,00%"
,,,,
,No Aplica :,    71,,
,,,,
,AREA # 2209,"San Martín, provincia: San Martín",,
,,,,
,H: La energía o combustible que utiliza para cocinar: gas natural (sistema de tuberías),Casos,%,Acumulado %
,No usa gas natural,   53 296,"100,00%","100,00%"
,Total,   53 296,"100,00%","100,00%"
,,,,
,No Aplica :,    264,,
,,,,
,AREA # 2210,"San Martín, provincia: Tocache",,
,,,,
,H: La energía o combustible que utiliza para cocinar: gas natural (sistema de tuberías),Casos,%,Acumulado %
,No usa gas natural,   19 026,"100,00%","100,00%"
,Total,   19 026,"100,00%","100,00%"
,,,,
,No Aplica :,    77,,
,,,,
,AREA # 2301,"Tacna, provincia: Tacna",,
,,,,
,H: La energía o combustible que utiliza para cocinar: gas natural (sistema de tuberías),Casos,%,Acumulado %
,No usa gas natural,   96 269,"100,00%","100,00%"
,Total,   96 269,"100,00%","100,00%"
,,,,
,No Aplica :,    430,,
,,,,
,AREA # 2302,"Tacna, provincia: Candarave",,
,,,,
,H: La energía o combustible que utiliza para cocinar: gas natural (sistema de tuberías),Casos,%,Acumulado %
,No usa gas natural,   2 576,"100,00%","100,00%"
,Total,   2 576,"100,00%","100,00%"
,,,,
,No Aplica :,    23,,
,,,,
,AREA # 2303,"Tacna, provincia: Jorge Basadre",,
,,,,
,H: La energía o combustible que utiliza para cocinar: gas natural (sistema de tuberías),Casos,%,Acumulado %
,No usa gas natural,   3 168,"100,00%","100,00%"
,Total,   3 168,"100,00%","100,00%"
,,,,
,No Aplica :,    70,,
,,,,
,AREA # 2304,"Tacna, provincia: Tarata",,
,,,,
,H: La energía o combustible que utiliza para cocinar: gas natural (sistema de tuberías),Casos,%,Acumulado %
,No usa gas natural,   2 465,"100,00%","100,00%"
,Total,   2 465,"100,00%","100,00%"
,,,,
,No Aplica :,    7,,
,,,,
,AREA # 2401,"Tumbes, provincia: Tumbes",,
,,,,
,H: La energía o combustible que utiliza para cocinar: gas natural (sistema de tuberías),Casos,%,Acumulado %
,No usa gas natural,   42 883,"100,00%","100,00%"
,Total,   42 883,"100,00%","100,00%"
,,,,
,No Aplica :,    167,,
,,,,
,AREA # 2402,"Tumbes, provincia: Contralmirante Villar",,
,,,,
,H: La energía o combustible que utiliza para cocinar: gas natural (sistema de tuberías),Casos,%,Acumulado %
,No usa gas natural,   5 790,"100,00%","100,00%"
,Total,   5 790,"100,00%","100,00%"
,,,,
,No Aplica :,    77,,
,,,,
,AREA # 2403,"Tumbes, provincia: Zarumilla",,
,,,,
,H: La energía o combustible que utiliza para cocinar: gas natural (sistema de tuberías),Casos,%,Acumulado %
,No usa gas natural,   13 925,"100,00%","100,00%"
,Total,   13 925,"100,00%","100,00%"
,,,,
,No Aplica :,    59,,
,,,,
,AREA # 2501,"Ucayali, provincia: Coronel Portillo",,
,,,,
,H: La energía o combustible que utiliza para cocinar: gas natural (sistema de tuberías),Casos,%,Acumulado %
,No usa gas natural,   93 603,"100,00%","100,00%"
,Total,   93 603,"100,00%","100,00%"
,,,,
,No Aplica :,    210,,
,,,,
,AREA # 2502,"Ucayali, provincia: Atalaya",,
,,,,
,H: La energía o combustible que utiliza para cocinar: gas natural (sistema de tuberías),Casos,%,Acumulado %
,No usa gas natural,   12 314,"100,00%","100,00%"
,Total,   12 314,"100,00%","100,00%"
,,,,
,No Aplica :,    96,,
,,,,
,AREA # 2503,"Ucayali, provincia: Padre Abad",,
,,,,
,H: La energía o combustible que utiliza para cocinar: gas natural (sistema de tuberías),Casos,%,Acumulado %
,No usa gas natural,   15 651,"100,00%","100,00%"
,Total,   15 651,"100,00%","100,00%"
,,,,
,No Aplica :,    368,,
,,,,
,AREA # 2504,"Ucayali, provincia: Purús",,
,,,,
,H: La energía o combustible que utiliza para cocinar: gas natural (sistema de tuberías),Casos,%,Acumulado %
,No usa gas natural,    688,"100,00%","100,00%"
,Total,    688,"100,00%","100,00%"
,,,,
,No Aplica :,    6,,
,,,,
,RESUMEN,,,
,,,,
,H: La energía o combustible que utiliza para cocinar: gas natural (sistema de tuberías),Casos,%,Acumulado %
,No usa gas natural,  7 812 050,"94,67%","94,67%"
,Sí usa gas natural,   440 234,"5,33%","100,00%"
,Total,  8 252 284,"100,00%","100,00%"
,,,,
,No Aplica :,   31 001,,
,,,,
Fuente: Censos Nacionales de Población y Vivienda 2017,,,,
Instituto Nacional de Estadística e Informática (INEI) - PERÚ,,,,